id,Leave_Next_Month
100,0.5823866307735444
101,0.15103981420397758
102,0.3215691328048706
103,0.1367649629712105
105,0.6864462733268738
106,0.4424037218093872
110,0.2701830804347992
112,0.27812820076942446
113,0.474812376499176
115,0.15476711988449096
117,0.16290876492857934
118,0.30518372654914855
120,0.6186331450939179
122,0.3460118293762207
125,0.24016694724559784
126,0.46312304139137267
127,0.5355877339839935
128,0.12006973754614592
129,0.3518099009990692
132,0.13369690626859665
136,0.5665809392929078
139,0.6225229620933532
140,0.2204191967844963
141,0.12631340138614178
142,0.12705838419497012
144,0.3535813927650452
145,0.4317082166671753
147,0.6801153898239136
148,0.13938314728438855
152,0.2777940005064011
155,0.5731964468955993
157,0.26287682354450226
158,0.11610877923667431
159,0.18468655794858932
162,0.12176583614200354
164,0.6384695172309875
165,0.5391328573226929
170,0.44727827310562135
171,0.1259391453117132
177,0.24542881846427916
178,0.3602371275424957
179,0.12532258853316308
184,0.11635652519762515
185,0.6323656916618348
186,0.17118919193744658
188,0.11504515912383795
190,0.39163519740104674
191,0.6480751514434815
192,0.13214952647686004
193,0.3305782496929169
194,0.18013005405664445
198,0.11476632095873356
201,0.33959552049636843
204,0.20766527354717254
207,0.15737690329551696
210,0.36339540481567384
212,0.43114093542098997
214,0.15184068977832793
216,0.13996553272008896
217,0.5431190311908722
218,0.1160878237336874
219,0.36557945013046267
227,0.11281313560903072
228,0.34798144102096557
230,0.583423787355423
231,0.24687127470970155
232,0.14490952864289283
233,0.6138478815555573
235,0.11810739375650883
236,0.36184823513031006
237,0.11197301521897315
238,0.11431943420320749
239,0.6738046407699585
241,0.33715054392814636
244,0.11182491071522235
245,0.14163093790411949
247,0.579413503408432
248,0.18444352746009826
253,0.12685678265988826
254,0.1960078313946724
256,0.4957439661026001
258,0.14234162867069244
260,0.27345816791057587
264,0.13212108388543128
266,0.5754417061805726
267,0.12076618671417236
268,0.2953409284353256
270,0.16044852882623672
271,0.6752600789070129
272,0.193411286175251
274,0.1275434114038944
276,0.5161173224449158
279,0.1224069532006979
281,0.509902936220169
284,0.5235811471939087
286,0.2933968186378479
290,0.1508634239435196
292,0.11213701851665973
293,0.15523445531725882
294,0.11324720922857523
295,0.3676568329334259
298,0.17684379518032073
299,0.3299118220806122
301,0.43021880388259887
306,0.11607635896652937
310,0.5005205035209656
312,0.11222042515873909
313,0.12749339938163756
315,0.23337736427783967
317,0.12101760730147362
320,0.5711596488952637
325,0.17641332000494003
328,0.4231735110282898
334,0.18840427398681642
335,0.4632860839366913
337,0.4661214351654053
338,0.5958621740341187
348,0.42867620587348937
351,0.5510319888591766
354,0.2052500367164612
356,0.15639326944947243
357,0.19076059013605118
360,0.5307460725307465
361,0.6229708254337311
363,0.1306437999010086
365,0.12470917217433453
366,0.11503108758479356
369,0.11215383913367986
372,0.5697087943553925
374,0.642269742488861
375,0.5512615323066712
382,0.32504363656044005
383,0.20693191587924958
387,0.6536639213562012
388,0.5737065076828003
390,0.4864937663078308
393,0.6641419172286988
394,0.19018136709928513
398,0.4624478280544281
399,0.578663432598114
400,0.2186414271593094
402,0.6003062963485718
403,0.14308358244597913
404,0.41624544858932494
405,0.11351795066148043
407,0.16950265243649482
408,0.5010502755641937
410,0.36221395134925843
414,0.6456454038619995
415,0.19434368014335632
419,0.4354407608509064
420,0.14662031456828117
421,0.14290786422789098
422,0.5774050056934357
423,0.16651312708854676
424,0.12447380274534225
426,0.5329208314418793
429,0.5122462391853333
435,0.16630793511867523
437,0.1293748289346695
440,0.24813492596149445
441,0.11932396125048399
442,0.2080145701766014
443,0.12066425643861294
444,0.1281552191823721
451,0.19891484528779985
453,0.5915324211120605
454,0.3050426185131073
459,0.23182689547538757
461,0.20727390944957733
463,0.11622300837188959
464,0.4211092948913574
465,0.6414703249931335
469,0.14122306928038597
475,0.19272513687610626
476,0.5588486671447754
479,0.24890964329242707
480,0.20063426494598388
481,0.4906861960887909
483,0.6981657266616821
485,0.19255205541849135
490,0.5315461456775665
492,0.5371728003025055
493,0.17569781094789505
494,0.5185323894023895
496,0.42179690599441527
497,0.39896276593208313
498,0.33499220609664915
499,0.12469604350626469
502,0.42031702399253845
503,0.13406283259391785
506,0.19144671857357026
508,0.37183610796928407
509,0.3748980700969696
510,0.6294858574867248
511,0.12705234996974468
512,0.48289003372192385
513,0.34091717004776
515,0.3963307797908783
516,0.17144741341471673
518,0.4137722015380859
523,0.12334255389869213
528,0.4790829479694366
530,0.16418782994151115
531,0.11681446898728609
532,0.33325921595096586
533,0.3807316839694977
535,0.29584733545780184
536,0.12718876972794532
539,0.4542375564575195
541,0.39013909697532656
542,0.19589915722608567
545,0.4653958797454834
547,0.11572007369250059
548,0.6515188932418823
552,0.24379447996616363
553,0.470863276720047
555,0.5376148402690888
556,0.20336315035820007
559,0.7302826881408692
562,0.665040385723114
564,0.14408924505114556
567,0.18208770751953124
571,0.5869085848331451
573,0.20419217944145202
576,0.3857514798641205
579,0.36991851329803466
580,0.12041972130537033
581,0.23872561156749725
584,0.5892792224884034
585,0.15852092802524567
586,0.5928809344768524
588,0.20359358191490173
590,0.2217916876077652
593,0.173683512955904
594,0.33760055899620056
595,0.2151395469903946
596,0.19237677603960038
597,0.11264091674238444
603,0.27131402790546416
604,0.12172257304191589
605,0.497747415304184
606,0.522184145450592
608,0.5717533946037292
610,0.18477260768413545
616,0.14389362037181855
617,0.5340969085693359
619,0.1888723760843277
620,0.2831057906150818
622,0.38353230357170104
624,0.5573253452777862
627,0.2039702355861664
628,0.11517686732113361
631,0.11160896178334952
633,0.26324346363544465
634,0.7373542785644531
635,0.6000519037246704
636,0.34980839490890503
637,0.15172176212072372
638,0.22398582100868225
639,0.1529475875198841
640,0.14358535632491112
642,0.3470759093761444
645,0.24552481174468993
647,0.2487867772579193
649,0.18515452593564988
650,0.1569736011326313
651,0.1440388984978199
654,0.43676401376724244
655,0.151274623721838
656,0.3427597463130951
657,0.14572611153125764
659,0.5169345021247864
660,0.28369447588920593
662,0.34022068977355957
663,0.21581225395202636
664,0.367597633600235
665,0.12048288024961948
666,0.2557699352502823
667,0.11620215475559234
669,0.20947478115558624
671,0.14533060230314732
673,0.26504799723625183
677,0.5386143922805786
678,0.4088772594928741
679,0.24258699715137483
680,0.18614040240645408
682,0.6775646448135376
683,0.3449999153614044
685,0.7476052641868591
688,0.1439910538494587
690,0.15002304762601854
691,0.12490988299250602
692,0.1335130963474512
693,0.33786815106868745
696,0.12703049443662168
697,0.36859667897224424
702,0.1910467967391014
703,0.22618684768676758
704,0.266524413228035
705,0.1246902272105217
708,0.14310584887862204
709,0.3834039092063904
712,0.11215163618326188
713,0.2324949473142624
714,0.15474638119339942
717,0.2521030008792877
722,0.26769851744174955
723,0.11619164682924747
724,0.20602142214775085
726,0.4272040128707886
727,0.26357681453228
728,0.1769614890217781
729,0.3670953005552292
731,0.22568568587303162
734,0.17003682404756545
735,0.4453252613544464
737,0.11701463460922241
738,0.24203618466854096
741,0.29357418715953826
742,0.7398331880569458
745,0.5505164921283722
749,0.36506813764572144
752,0.11517686732113361
753,0.1843194529414177
755,0.5612813353538513
756,0.1253659538924694
758,0.14452625140547753
759,0.17968113720417023
761,0.3533341586589813
762,0.3460118293762207
766,0.5624045491218567
767,0.29590961039066316
769,0.1458436917513609
772,0.7136698246002198
777,0.5632941067218781
778,0.6412384033203125
779,0.3619047850370407
780,0.6985180377960205
784,0.6605416059494018
785,0.5178869366645813
786,0.12623415663838386
787,0.3908116161823273
788,0.17316562533378602
792,0.12206341922283173
793,0.6136541366577148
794,0.13124942928552627
795,0.3622358560562134
797,0.474056613445282
798,0.2073987290263176
799,0.11809476278722286
800,0.15930321291089058
802,0.5036299884319305
803,0.2443156957626343
804,0.38900943398475646
807,0.30636400878429415
808,0.4377559065818787
809,0.3904195725917816
813,0.36993942260742185
814,0.11136056557297706
815,0.32783366441726686
818,0.33727208971977235
821,0.1121836181730032
824,0.5434209525585174
825,0.21537222117185592
826,0.1174072775989771
829,0.14794593304395676
830,0.38737579584121706
833,0.1285224124789238
834,0.4515177130699158
836,0.2633183151483536
839,0.12093733847141266
840,0.12711410522460936
841,0.5324821829795837
843,0.11361748445779085
846,0.14460502490401267
847,0.5830361604690552
849,0.19063762873411177
856,0.11335817407816648
857,0.21104861348867415
858,0.4899157226085663
859,0.11929701771587134
866,0.4249912679195404
867,0.1338288851082325
868,0.4058180689811707
871,0.5866825997829437
872,0.3450937032699585
874,0.3298992097377777
876,0.41646740436553953
878,0.1890749901533127
880,0.14149591848254203
885,0.24285352528095244
887,0.2355100393295288
893,0.12905635200440885
896,0.21336624324321746
900,0.1642742060124874
903,0.150884523242712
907,0.15382190570235252
911,0.1645268589258194
912,0.11811541728675365
915,0.48302494287490844
917,0.25179429054260255
919,0.12317200787365437
920,0.452171778678894
921,0.13851512633264065
923,0.39982168674468993
929,0.3065591514110565
930,0.21335133612155915
932,0.13120479583740235
935,0.2979530096054077
936,0.13675473332405091
937,0.5131673693656922
940,0.31151195168495177
941,0.15791890770196915
942,0.13289270102977752
945,0.1291026070713997
946,0.12726214490830898
948,0.12036473006010055
949,0.11941073760390282
951,0.13046014122664928
953,0.2965021550655365
956,0.12113097235560417
958,0.14179280325770377
963,0.6618306040763855
966,0.15655834898352622
970,0.13620481602847576
971,0.23916741013526915
973,0.29364216327667236
977,0.1439513936638832
978,0.13783823251724242
979,0.3050367921590805
980,0.446266895532608
984,0.13661869391798973
987,0.25695947706699374
992,0.46513928174972535
1003,0.22510474026203156
1004,0.1323672655969858
1006,0.48723000288009644
1008,0.1924022376537323
1010,0.5103774070739746
1012,0.19168007075786592
1013,0.13332908302545549
1014,0.11234315801411868
1015,0.7194780230522155
1016,0.36690189838409426
1017,0.11888056844472886
1019,0.29835962057113646
1020,0.1218994852155447
1022,0.5356513857841492
1023,0.15451137349009514
1024,0.3366182744503021
1025,0.26328533291816714
1026,0.6366449594497681
1028,0.1890229031443596
1032,0.11146864062175155
1035,0.6699891567230225
1036,0.2493057891726494
1041,0.34777761101722715
1042,0.44812296628952025
1043,0.11788602955639363
1045,0.5944544792175293
1047,0.47912285327911375
1049,0.11574270371347666
1050,0.4611132740974426
1051,0.5353921771049499
1052,0.20831665098667146
1055,0.5005407869815827
1060,0.31074351966381075
1061,0.13473652079701423
1063,0.1283062394708395
1064,0.5513682961463928
1070,0.7218865990638733
1071,0.3393243998289108
1075,0.15879978761076927
1076,0.6842455506324768
1077,0.5235653758049011
1079,0.15132042169570922
1081,0.11544281058013439
1085,0.4431387186050415
1087,0.34559879899024964
1088,0.1730896569788456
1090,0.1385159097611904
1092,0.11617422867566347
1094,0.1211176548153162
1095,0.35314985513687136
1096,0.3923738956451416
1097,0.6903820514678956
1098,0.11160418195649982
1099,0.5129623413085938
1101,0.4862665057182312
1102,0.5208164155483246
1104,0.17518183588981628
1106,0.47246682047843935
1109,0.1348462224006653
1110,0.3224389374256134
1111,0.11773968245834113
1117,0.12358880154788494
1118,0.4538374185562134
1119,0.18389512598514557
1120,0.2232047975063324
1121,0.14365385621786117
1123,0.4298091113567352
1127,0.19125607758760452
1129,0.4314707338809967
1130,0.3377693444490433
1131,0.348158997297287
1137,0.403168386220932
1138,0.22106599509716035
1141,0.1347657985985279
1142,0.43938909769058226
1146,0.14605652913451195
1150,0.3730933010578156
1156,0.6335066676139831
1158,0.6673172235488891
1160,0.12983388788998126
1161,0.16007182151079177
1165,0.4025079905986786
1166,0.11417780555784703
1168,0.45263318419456483
1169,0.142683894187212
1170,0.5450822651386261
1173,0.6799001097679138
1174,0.34777081608772276
1177,0.35208205580711366
1180,0.11985513381659985
1181,0.5056151568889617
1182,0.17009235620498658
1183,0.6709803104400635
1185,0.5440818130970001
1188,0.5828306257724762
1192,0.11546845063567161
1194,0.1901145875453949
1195,0.7363345980644226
1197,0.2789974421262741
1203,0.2716678887605667
1204,0.12826615162193775
1206,0.19344565868377686
1207,0.11313870605081319
1208,0.1127520278096199
1209,0.28804574608802797
1212,0.11962613612413406
1213,0.4526430547237396
1215,0.16554348096251487
1216,0.13835224658250808
1218,0.36521061658859255
1219,0.12481055073440075
1222,0.2323674738407135
1223,0.15262015014886857
1224,0.3549359798431396
1227,0.13983632400631904
1229,0.42029757499694825
1230,0.11852101162075997
1232,0.5926873028278351
1234,0.32432915568351744
1236,0.11211258228868246
1238,0.30592499375343324
1239,0.13419311940670015
1240,0.14835458993911743
1241,0.21148019880056382
1245,0.3653643488883972
1246,0.14417725577950477
1247,0.5188080251216889
1248,0.7139029979705811
1250,0.3267770290374756
1253,0.15115176439285277
1256,0.11444272492080927
1260,0.4489128768444061
1262,0.14187360182404518
1264,0.11919211242347956
1265,0.12646766565740108
1269,0.17745005041360856
1277,0.14385030195116996
1278,0.5687739729881287
1282,0.25510643422603607
1285,0.6003189861774445
1289,0.5984037518501282
1290,0.2865823656320572
1291,0.12524302378296853
1292,0.6644094228744507
1293,0.1603237085044384
1294,0.3363614588975906
1297,0.19626421928405763
1298,0.11867771968245507
1302,0.24137405455112457
1303,0.11315002720803022
1305,0.7302826881408692
1306,0.5870571851730346
1312,0.5546172738075257
1314,0.490551096200943
1315,0.6301617741584777
1316,0.11303962785750628
1317,0.12274003848433494
1318,0.4525574386119843
1320,0.26446702182292936
1321,0.4526951789855957
1323,0.671573257446289
1324,0.5367543578147889
1325,0.36991164088249207
1326,0.11174366632476448
1327,0.1736723080277443
1332,0.4426910936832428
1334,0.2114813208580017
1336,0.6519938230514526
1337,0.1331402190029621
1339,0.4325591802597046
1343,0.5358743846416474
1344,0.19033364057540894
1346,0.3943320393562317
1347,0.21293707489967345
1348,0.5127382218837738
1350,0.21339479386806487
1351,0.6799010515213013
1354,0.16358868330717086
1355,0.49035572409629824
1356,0.12486080415546894
1357,0.19683510512113572
1362,0.3711627244949341
1363,0.36123224496841433
1365,0.18674074858427048
1366,0.5142045438289642
1369,0.16083157807588577
1372,0.19637999236583709
1379,0.13251641839742662
1382,0.5740975618362427
1384,0.11277674622833729
1386,0.3642015099525452
1387,0.46964465975761416
1390,0.12791405357420443
1391,0.419709175825119
1392,0.15429788827896118
1393,0.20447678714990616
1397,0.594381320476532
1401,0.11771898232400417
1403,0.11213701851665973
1405,0.33215329647064207
1411,0.189824703335762
1413,0.44146578907966616
1419,0.35392177700996397
1421,0.12822464630007743
1424,0.19997710585594178
1425,0.6723758220672608
1428,0.2755009263753891
1429,0.1116575350984931
1430,0.15198004245758057
1431,0.5953120946884155
1433,0.1398398406803608
1434,0.6238198220729828
1437,0.11658706981688738
1438,0.3460118293762207
1442,0.12347622849047184
1443,0.150081068277359
1444,0.17539214864373207
1448,0.59766104221344
1450,0.12386975958943366
1451,0.20881343632936478
1452,0.12145986929535865
1456,0.5764313101768493
1460,0.6253730714321136
1463,0.12057017460465431
1464,0.12687923312187194
1465,0.2762700140476227
1466,0.6262829184532166
1467,0.37346906065940855
1468,0.15463405176997186
1471,0.7398992776870728
1472,0.4458541750907898
1475,0.11903037279844284
1477,0.11668568216264248
1482,0.12255321629345417
1486,0.15257168486714362
1489,0.49168787002563474
1491,0.46292389631271363
1492,0.12484776973724365
1494,0.2489652156829834
1496,0.2681624948978424
1498,0.35849452018737793
1501,0.6508700847625732
1503,0.4742277979850769
1505,0.7087520360946655
1507,0.14624488577246667
1509,0.4287235260009766
1512,0.5613629877567291
1514,0.4608232855796814
1516,0.155225320905447
1523,0.6197608768939972
1525,0.48442655205726626
1535,0.35353703498840333
1538,0.19860023707151414
1539,0.6054501056671142
1541,0.25812128484249114
1542,0.22732007503509521
1543,0.4018159031867981
1546,0.5782534062862397
1547,0.51666299700737
1548,0.18488777577877044
1549,0.21068792492151261
1551,0.28896880745887754
1553,0.49942352175712584
1555,0.17728015035390854
1556,0.5874112784862519
1557,0.33389432430267335
1560,0.6218873500823975
1562,0.12621761560440065
1563,0.5307035326957703
1568,0.15888016670942307
1569,0.46726465225219727
1570,0.1988706186413765
1573,0.5582525670528412
1577,0.2262322336435318
1578,0.5232917368412018
1579,0.2162068411707878
1580,0.1776016041636467
1581,0.11684255562722683
1584,0.1787683017551899
1585,0.5589084446430206
1587,0.3100318431854248
1588,0.3970159113407135
1589,0.1399392455816269
1590,0.1814002588391304
1592,0.4925238609313965
1593,0.4287693500518799
1595,0.3292893350124359
1596,0.24456200897693633
1599,0.4062890291213989
1604,0.454755437374115
1605,0.7326899766921997
1606,0.138354017958045
1610,0.118112681992352
1611,0.11367371398955584
1616,0.5376540005207062
1617,0.24744711220264434
1618,0.20506702214479447
1623,0.3811082899570465
1625,0.19454202950000762
1628,0.34836832880973817
1632,0.18888118416070937
1633,0.5044516742229461
1634,0.11168305892497302
1636,0.12084653899073601
1637,0.14680861718952656
1638,0.6367227435112
1639,0.29356184005737307
1640,0.32423259019851686
1642,0.11855109855532646
1643,0.525038206577301
1644,0.3017132878303528
1645,0.2241997539997101
1647,0.29267829954624175
1649,0.5513682961463928
1650,0.6481405377388001
1652,0.16839221119880676
1654,0.1755875900387764
1655,0.2341908574104309
1658,0.5260081052780151
1659,0.2196063995361328
1662,0.23447182178497314
1665,0.3777645230293274
1667,0.41662642955780027
1668,0.5510267198085785
1671,0.3330454766750336
1674,0.12907074019312859
1677,0.30092023611068724
1679,0.567851448059082
1686,0.18366442620754242
1687,0.1143756564706564
1688,0.2861952304840088
1689,0.4542001783847809
1691,0.18371351063251495
1692,0.41363972425460815
1694,0.11326928436756134
1695,0.6293293237686157
1697,0.1630085825920105
1698,0.11657387521117926
1700,0.7464783668518067
1706,0.14519138187170028
1707,0.45772925615310667
1708,0.13454972952604294
1709,0.23134616911411285
1711,0.12115334458649159
1712,0.19193067848682405
1713,0.1753757506608963
1715,0.12551813945174217
1716,0.11464887578040361
1718,0.5068826735019684
1719,0.12337728030979633
1720,0.3995946943759918
1722,0.13653534576296805
1723,0.210024294257164
1724,0.2687314361333847
1728,0.4874414563179016
1729,0.12801942639052868
1730,0.5382200896739959
1731,0.428275066614151
1733,0.5378573119640351
1735,0.3540237367153168
1737,0.1616427406668663
1739,0.38334755301475526
1740,0.135576082020998
1741,0.12068364806473256
1742,0.17492170706391336
1743,0.43972853422164915
1744,0.41835981607437134
1752,0.255852672457695
1753,0.11381256729364395
1754,0.20365617275238038
1757,0.20239148288965225
1761,0.45482003688812256
1762,0.5665809392929078
1763,0.477288818359375
1766,0.12330656014382839
1767,0.14211781769990922
1769,0.580158019065857
1773,0.3518765330314636
1777,0.12347803898155689
1779,0.4310786783695221
1780,0.12286413833498955
1783,0.11512538883835077
1784,0.27735536098480223
1786,0.27021811008453367
1787,0.13404482901096343
1788,0.11655598245561123
1789,0.2732034534215927
1790,0.30470483005046844
1795,0.17464077919721605
1798,0.14437443278729917
1799,0.128688308224082
1801,0.25347414910793303
1802,0.4657678782939911
1807,0.5932613253593445
1808,0.5711130738258362
1810,0.5867094993591309
1811,0.11215383913367986
1815,0.11353875938802957
1819,0.6313255429267883
1821,0.41880194544792176
1823,0.12238886840641498
1828,0.1353147178888321
1830,0.6085872828960419
1837,0.43799959421157836
1839,0.6842455506324768
1840,0.18539983183145523
1844,0.25485082268714904
1846,0.1435803532600403
1848,0.11387880071997643
1851,0.5450065970420838
1855,0.3189364105463028
1856,0.1914008691906929
1857,0.1528748519718647
1858,0.11293572261929512
1859,0.17518183588981628
1860,0.17750876098871232
1863,0.5377768576145172
1870,0.4272825539112091
1872,0.6423737287521363
1873,0.11346690692007541
1874,0.4140098452568054
1878,0.11082967128604651
1881,0.2935560971498489
1882,0.32033443450927734
1883,0.698226523399353
1884,0.20671814531087876
1892,0.2711207926273346
1894,0.11963150147348642
1895,0.4439068794250488
1896,0.3874775171279907
1899,0.5505309164524078
1903,0.12772576063871383
1908,0.45118271112442015
1912,0.35954901576042175
1914,0.11982319243252278
1916,0.33830071687698365
1917,0.1723788484930992
1923,0.39978411197662356
1924,0.11118290536105632
1925,0.3206648051738739
1926,0.3739386200904846
1929,0.6074239850044251
1934,0.5429994881153106
1935,0.5769731223583221
1937,0.34359726309776306
1938,0.399654483795166
1941,0.12545970045030116
1942,0.3280955731868744
1944,0.1411108121275902
1946,0.1271794080734253
1954,0.5889882266521453
1957,0.12027533799409866
1958,0.3510057508945465
1959,0.39111353158950807
1963,0.1395568497478962
1966,0.2100233405828476
1969,0.11082967128604651
1970,0.5502799153327942
1971,0.3330642402172089
1973,0.1218032643198967
1974,0.1336067646741867
1975,0.1408943198621273
1977,0.11944907885044813
1978,0.22853477746248246
1979,0.6856744885444641
1984,0.1468602068722248
1985,0.24310811161994933
1986,0.1225252877920866
1987,0.4609933137893677
1988,0.18121712356805803
1989,0.369898247718811
1990,0.37504339814186094
1993,0.29520911276340484
1995,0.12754007764160633
1996,0.2479739546775818
1997,0.29877006113529203
1999,0.47908610105514526
2000,0.12318297512829304
2007,0.3845584630966187
2008,0.11239328254014254
2009,0.1348938077688217
2012,0.12492813095450402
2013,0.2418340861797333
2016,0.3840683102607727
2018,0.22284561693668364
2019,0.5157925486564636
2020,0.1889583721756935
2022,0.31638639867305757
2023,0.11563131418079138
2024,0.4628378629684448
2025,0.15531063452363014
2028,0.1801648549735546
2032,0.3460118293762207
2035,0.12571984417736531
2036,0.13416897282004356
2037,0.11995292641222477
2038,0.3433879017829895
2039,0.3619143068790436
2040,0.1319003351032734
2042,0.1148207800462842
2043,0.5556598663330078
2044,0.40005125999450686
2045,0.11115615870803594
2047,0.17226098477840424
2049,0.17090488523244857
2050,0.37345063090324404
2065,0.25261056125164033
2066,0.2799913823604584
2067,0.13625869676470756
2069,0.13787562623620034
2071,0.13168680295348167
2074,0.5643501877784729
2075,0.11623421981930733
2077,0.48682339787483214
2078,0.14381046257913113
2079,0.11561805419623852
2080,0.605601704120636
2082,0.1847804993391037
2084,0.5243875682353973
2088,0.24793140292167665
2090,0.5793579280376434
2091,0.19466976076364517
2092,0.5144101321697235
2094,0.12633806020021437
2097,0.2167466700077057
2099,0.47941749095916747
2101,0.20241186320781707
2102,0.12555215656757354
2103,0.21619315296411515
2104,0.47993811368942263
2109,0.12208437770605088
2110,0.6224385142326355
2112,0.38194974660873415
2116,0.5796254396438598
2120,0.15792566537857056
2121,0.15885112881660463
2124,0.37236264944076536
2125,0.1440388984978199
2126,0.20755476057529448
2127,0.12620641253888606
2131,0.4156089544296265
2133,0.37275875806808473
2136,0.7048122167587281
2137,0.6794774532318115
2138,0.49903244376182554
2140,0.1202581400051713
2141,0.12367811277508736
2142,0.2466963529586792
2143,0.4382236123085022
2148,0.5288182318210601
2150,0.11518866699188948
2154,0.5358743965625763
2156,0.35892737209796904
2158,0.12000761236995458
2159,0.46308404207229614
2163,0.15634067431092263
2168,0.31127147376537323
2169,0.6709810376167298
2173,0.18850443363189698
2174,0.3452484667301178
2175,0.5115032494068146
2179,0.3627405285835266
2180,0.12839709036052227
2182,0.1747572563588619
2183,0.37183610796928407
2184,0.6258317112922669
2185,0.5255042254924774
2190,0.24211795330047609
2191,0.11327992528676986
2193,0.19306695461273193
2195,0.735450553894043
2197,0.65488760471344
2198,0.49899426102638245
2199,0.4063620924949646
2200,0.26320329308509827
2202,0.46417922973632814
2207,0.4627515196800232
2208,0.2659232020378113
2209,0.11786248274147511
2210,0.22411639988422394
2211,0.1156227346509695
2212,0.1517503246665001
2217,0.11684522107243538
2218,0.4701341032981873
2220,0.11312293447554111
2222,0.2803230047225952
2223,0.45630636215209963
2226,0.5102848887443543
2227,0.16727508157491683
2229,0.7302826881408692
2230,0.1974169820547104
2232,0.1245848447084427
2233,0.6987808108329773
2234,0.3450937032699585
2239,0.4884403645992279
2240,0.43201122283935545
2241,0.18865177631378174
2244,0.404626327753067
2246,0.18346031606197358
2250,0.49967676401138306
2251,0.11474188566207885
2254,0.11529150642454625
2256,0.6391324281692505
2257,0.30595651268959045
2259,0.12024070173501969
2262,0.45353262424468993
2264,0.1418248347938061
2267,0.6280370414257049
2271,0.47443870902061464
2273,0.6214505672454834
2277,0.1455976538360119
2280,0.1542437791824341
2281,0.18468282818794252
2283,0.4328720986843109
2287,0.14622844606637955
2289,0.11252405419945717
2291,0.7456908106803894
2293,0.12299113981425762
2294,0.735450553894043
2295,0.1286295734345913
2298,0.20161745250225066
2299,0.11365489568561316
2303,0.15583883002400398
2305,0.3298216462135315
2306,0.41474502682685854
2308,0.7606233596801758
2309,0.21666770428419113
2311,0.24324418604373932
2312,0.13524963334202766
2318,0.12354390323162079
2320,0.12183572817593813
2321,0.11239225808531046
2324,0.49545161724090575
2325,0.22336351871490479
2327,0.1252170842140913
2330,0.11341392174363137
2331,0.51428924202919
2332,0.1153613667935133
2334,0.1468698874115944
2335,0.17231171429157258
2336,0.5642138719558716
2338,0.7090196371078491
2340,0.12010108344256878
2341,0.11457068324089051
2342,0.12521633356809617
2344,0.1435761794447899
2347,0.11663674972951413
2349,0.38713974356651304
2351,0.4741261899471283
2352,0.12007663324475289
2357,0.18572059273719788
2361,0.2751551628112793
2363,0.42757150530815125
2364,0.16042510420084
2367,0.14070576429367065
2371,0.5133546411991119
2373,0.12624887488782405
2375,0.7184843778610229
2378,0.3374326765537262
2379,0.11238316958770156
2381,0.3662997245788574
2386,0.37321829199790957
2388,0.6049412608146667
2391,0.6750688552856445
2394,0.6189507901668548
2395,0.6203101217746735
2396,0.5429994881153106
2397,0.2582686752080917
2400,0.21708967685699462
2403,0.3839423835277557
2404,0.1968385636806488
2410,0.11852442193776369
2411,0.38032589554786683
2414,0.12101909033954143
2415,0.2184834897518158
2416,0.20851218551397324
2417,0.11371124293655158
2418,0.1425352066755295
2420,0.12589332088828087
2422,0.11327992528676986
2423,0.5204314529895783
2425,0.22685651630163192
2427,0.4778316020965576
2429,0.21421553641557695
2430,0.28772441744804383
2431,0.13387066796422004
2432,0.1531924858689308
2433,0.18126531317830086
2434,0.5497790038585663
2435,0.30766741335392
2437,0.29904977381229403
2438,0.11118290536105632
2440,0.14525787755846978
2443,0.463731050491333
2444,0.13465033397078513
2452,0.21775175034999847
2454,0.12158011086285114
2455,0.12510202527046205
2457,0.14571881517767907
2459,0.31828331053256986
2461,0.4995614469051361
2463,0.5774050056934357
2467,0.7201031088829041
2472,0.11944886427372695
2473,0.16101666167378426
2474,0.21998212933540345
2480,0.3880100667476654
2481,0.13446470573544503
2482,0.13683256283402442
2483,0.3446659028530121
2484,0.4076288342475891
2485,0.41145557165145874
2487,0.6532749176025391
2488,0.5893812716007233
2489,0.1424272835254669
2490,0.1375976726412773
2492,0.483764123916626
2495,0.2918220400810242
2496,0.2050081044435501
2497,0.7387859106063843
2498,0.47478544116020205
2500,0.3783092200756073
2505,0.6503897190093995
2508,0.11354272328317165
2509,0.18595237284898758
2510,0.3944447457790375
2511,0.13758689239621164
2515,0.5005562126636505
2517,0.3219611942768097
2518,0.4501578867435455
2519,0.20236823856830596
2521,0.28092058598995207
2528,0.5338889539241791
2531,0.5287503957748413
2532,0.1261591650545597
2533,0.16089829951524734
2534,0.2049714982509613
2535,0.3727067708969116
2536,0.33344875276088715
2537,0.2731363922357559
2541,0.6332203626632691
2543,0.15590176060795785
2544,0.5344566762447357
2546,0.4740109384059906
2547,0.6160185813903809
2549,0.3891933083534241
2551,0.25605277717113495
2552,0.5080513775348663
2555,0.5517656803131104
2556,0.11392080895602703
2557,0.21847642958164215
2558,0.200847852230072
2559,0.2113986760377884
2564,0.7326966285705566
2565,0.5926464140415192
2569,0.1264252033084631
2572,0.11732442416250706
2574,0.4948709964752197
2575,0.1483973853290081
2576,0.12554790452122688
2579,0.12484340071678161
2583,0.39252300262451173
2584,0.18513976261019707
2586,0.2521702140569687
2588,0.30220418572425845
2591,0.17291318774223327
2592,0.2911004781723022
2596,0.11667500995099545
2597,0.20293909907341004
2600,0.15507012382149696
2601,0.11179098542779684
2603,0.12277044840157032
2606,0.111807154212147
2610,0.7081637859344483
2611,0.18863919228315354
2612,0.15765817165374757
2614,0.4739645779132843
2615,0.16337843090295792
2618,0.5183399796485901
2619,0.6995168089866638
2620,0.1338890701532364
2621,0.4739304006099701
2624,0.11074891686439514
2633,0.130625706538558
2634,0.18115236461162568
2637,0.14202166125178337
2640,0.15614355951547623
2642,0.20969704687595367
2643,0.4678728461265564
2644,0.2291529268026352
2646,0.32310615181922914
2648,0.5172788739204407
2649,0.22251780927181244
2650,0.11291125752031803
2652,0.12739556096494198
2654,0.3256921023130417
2656,0.31823728084564207
2658,0.1270584549754858
2659,0.14622844606637955
2660,0.3269575864076614
2662,0.15154867693781854
2665,0.12602476887404918
2667,0.42373123168945315
2673,0.561412000656128
2676,0.41396517753601075
2679,0.114151855930686
2680,0.5169623851776123
2681,0.19258425682783126
2685,0.11625330783426761
2688,0.35896944999694824
2692,0.189066144824028
2694,0.20680668950080872
2696,0.19961227774620055
2699,0.11649356372654437
2701,0.15755873769521714
2705,0.12547989524900913
2706,0.4191883623600006
2707,0.6896765232086182
2708,0.2801723539829254
2709,0.46491307616233823
2712,0.40618510246276857
2719,0.46472952961921693
2720,0.264376699924469
2723,0.46630312204360963
2725,0.30951783061027527
2727,0.11757638454437255
2729,0.5470874428749084
2731,0.7000990271568298
2733,0.17979181110858916
2736,0.15650928318500518
2737,0.12449395768344403
2739,0.2792560011148453
2741,0.2227733850479126
2743,0.4954353332519531
2744,0.3258109837770462
2746,0.15767324566841126
2747,0.24218732118606567
2748,0.2769899249076843
2751,0.5073933959007263
2753,0.1276620164513588
2754,0.7386797666549683
2759,0.13291846513748168
2760,0.2709765464067459
2761,0.11751267071813346
2763,0.21997610926628114
2764,0.17248298078775406
2765,0.17862221896648406
2771,0.3994287371635437
2772,0.12702346742153167
2775,0.1146507803350687
2776,0.1264252033084631
2777,0.5382554292678833
2780,0.11943618636578321
2781,0.12258343361318111
2782,0.4231767594814301
2784,0.24827182292938232
2785,0.14255726039409639
2786,0.500790923833847
2787,0.41934612989425657
2791,0.2060552418231964
2794,0.1917254403233528
2795,0.14278124272823334
2798,0.21998212933540345
2801,0.12013623714447022
2802,0.5388079464435578
2803,0.5642293810844421
2804,0.17659706473350525
2806,0.6210643529891968
2809,0.34350404143333435
2810,0.126367262378335
2812,0.28936477899551394
2814,0.18992764204740525
2816,0.28683109283447267
2817,0.12038561757653951
2819,0.13066521249711513
2820,0.3575892925262451
2821,0.589602792263031
2824,0.12041727155447006
2826,0.11534749455749989
2827,0.672689163684845
2831,0.3426201164722443
2832,0.19891588240861893
2834,0.190698479115963
2835,0.3735660254955292
2837,0.2631347864866257
2838,0.14370364882051945
2839,0.2575724720954895
2840,0.512193787097931
2841,0.6658481121063232
2842,0.11666917391121387
2844,0.21450588554143907
2845,0.7461182117462158
2847,0.21441378444433212
2849,0.231332528591156
2853,0.7237255573272705
2854,0.26076372265815734
2855,0.1768656112253666
2857,0.15518029034137726
2859,0.34559879899024964
2861,0.4693204641342163
2862,0.22104490995407106
2864,0.2029076874256134
2866,0.19569155126810073
2872,0.12040535472333432
2873,0.32167516052722933
2874,0.34874234199523924
2875,0.1481189601123333
2879,0.647443437576294
2883,0.36440786719322205
2885,0.2399304986000061
2886,0.14403943121433258
2895,0.608466625213623
2896,0.3337481766939163
2897,0.706803047657013
2898,0.6358889102935791
2900,0.17197901606559754
2901,0.24105526208877565
2903,0.11767344065010547
2905,0.11775064747780561
2906,0.1461512066423893
2908,0.5447879195213318
2909,0.30606283247470856
2910,0.26333650648593904
2913,0.11281339749693871
2915,0.5838460862636566
2917,0.11605180241167545
2918,0.37557457089424134
2920,0.12381417341530324
2923,0.1201468251645565
2924,0.11312535908073187
2927,0.5264074087142945
2928,0.17232297360897064
2930,0.12603730484843254
2931,0.6103657603263855
2932,0.1843865692615509
2933,0.12637245804071426
2935,0.12946919202804566
2937,0.33839223980903627
2939,0.11559956148266792
2940,0.26648021638393404
2942,0.25327028036117555
2943,0.11307700127363204
2944,0.591050261259079
2945,0.5056071400642395
2947,0.4043785810470581
2948,0.15759274810552598
2950,0.43813174962997437
2951,0.12611203864216805
2954,0.18745190352201463
2955,0.11501575000584126
2956,0.592366760969162
2957,0.14700106009840966
2959,0.12588857039809226
2960,0.4473973214626312
2962,0.5333784699440003
2964,0.38558498620986936
2965,0.18440622091293335
2967,0.12658605314791202
2968,0.47298845648765564
2970,0.24191307425498962
2972,0.1168250173330307
2975,0.504048079252243
2976,0.13127983510494232
2979,0.45124770402908326
2981,0.16487360447645188
2984,0.12083225101232528
2987,0.5502799153327942
2989,0.13990354761481286
2990,0.33395076394081114
2991,0.7299988865852356
2994,0.13969212546944618
2998,0.14415993690490722
3000,0.6605880975723266
3002,0.4638051450252533
3004,0.3708113610744476
3013,0.1234206035733223
3016,0.20226229280233382
3018,0.4297537326812744
3019,0.16191799938678741
3022,0.38679937124252317
3023,0.3045585662126541
3025,0.2586005628108978
3028,0.1349029593169689
3029,0.1339210294187069
3031,0.5156710505485534
3032,0.2256890907883644
3036,0.5000788867473602
3038,0.22195696234703063
3039,0.44221494197845457
3041,0.13671484738588333
3043,0.12053569331765175
3047,0.3664284020662308
3050,0.23854709565639495
3053,0.5214659690856933
3054,0.5635647296905517
3055,0.6798142075538636
3056,0.46073549389839175
3060,0.47963523864746094
3066,0.45434990525245667
3067,0.16759806275367736
3069,0.18526165932416916
3070,0.5476302742958069
3071,0.12642731480300426
3072,0.11687013655900955
3073,0.43891987204551697
3074,0.37674731612205503
3075,0.36969836950302126
3076,0.1838074341416359
3079,0.1760895535349846
3083,0.11944886427372695
3084,0.1286295734345913
3090,0.4257447779178619
3092,0.280898728966713
3094,0.11923711076378822
3099,0.17216872274875641
3100,0.5963719129562378
3102,0.1785552516579628
3104,0.6935451030731201
3106,0.5646408796310425
3109,0.3704189479351044
3110,0.3691697299480438
3115,0.12986810579895974
3122,0.22216685712337494
3124,0.19181118309497833
3128,0.24649159908294677
3129,0.1998023882508278
3131,0.3813911318778992
3132,0.11780761927366257
3137,0.12659753523766995
3139,0.11803518589586019
3140,0.17707482129335403
3142,0.26963026225566866
3145,0.19037752598524094
3146,0.2649448037147522
3149,0.22411639988422394
3152,0.2563370704650879
3153,0.21177322566509246
3155,0.35264213383197784
3160,0.21877554059028625
3163,0.5575251877307892
3166,0.5537389636039733
3167,0.6105781674385071
3168,0.1898587167263031
3169,0.20647895634174346
3172,0.14058841913938522
3173,0.13922141641378402
3174,0.23241393864154816
3176,0.2740459769964218
3178,0.7026812434196472
3179,0.4589881241321564
3181,0.6074315547943115
3186,0.5086676061153412
3187,0.6534542918205262
3188,0.13241803459823132
3193,0.17458622455596923
3195,0.5383000373840332
3200,0.4041773498058319
3201,0.31438274383544923
3202,0.2577285349369049
3203,0.39255987405776976
3206,0.11412326395511627
3207,0.14308613091707229
3209,0.11670994944870472
3210,0.33737569451332095
3211,0.1858257010579109
3213,0.5393561780452728
3214,0.5127184987068176
3215,0.5431096076965332
3222,0.12002211287617684
3224,0.12547398507595062
3225,0.20780746787786483
3230,0.1670638680458069
3231,0.11840805225074291
3232,0.6484633922576905
3233,0.1617730088531971
3239,0.4258206248283386
3241,0.591093784570694
3242,0.3460118293762207
3245,0.5869230628013611
3246,0.5777110815048218
3248,0.2876859843730927
3250,0.3683664560317993
3251,0.34937692880630494
3252,0.21678685247898102
3254,0.5307158291339874
3255,0.12489617913961411
3257,0.36939218640327454
3258,0.32473807632923124
3261,0.13388250768184662
3262,0.3713347017765045
3266,0.30230988264083863
3267,0.12207562886178494
3270,0.31472556591033934
3271,0.11952256485819816
3273,0.12930066660046577
3274,0.19594042152166366
3276,0.11455071698874235
3277,0.11693029906600713
3278,0.3279536783695221
3281,0.12398808524012565
3282,0.19366775304079056
3283,0.528366494178772
3284,0.14302681088447572
3285,0.5743939757347107
3289,0.18131770119071006
3290,0.15137562900781631
3295,0.5420735836029053
3296,0.14472921192646027
3298,0.34434595704078674
3300,0.4856735169887543
3302,0.5869085848331451
3304,0.13035340309143068
3307,0.21970590204000473
3309,0.7512451648712158
3310,0.13518959730863572
3312,0.4438646674156189
3313,0.1489516757428646
3314,0.2013639137148857
3315,0.4371307730674744
3316,0.5027300357818604
3318,0.18022827059030533
3321,0.4649713158607483
3322,0.4513529479503632
3327,0.3723834931850433
3328,0.3064933896064758
3330,0.1121551824733615
3332,0.1423437178134918
3335,0.12608479522168636
3336,0.3305789440870285
3338,0.11524765826761722
3344,0.2927756071090698
3345,0.3538734674453735
3352,0.15605778694152833
3354,0.5771187484264374
3355,0.1833924189209938
3358,0.6234872043132782
3359,0.496380078792572
3361,0.12452839836478233
3363,0.3068516612052917
3364,0.5564709186553956
3366,0.11116608474403619
3367,0.12161530889570712
3368,0.17650676071643828
3369,0.1212626650929451
3372,0.6408097267150878
3373,0.33541330099105837
3375,0.12093310132622719
3379,0.14183420687913895
3380,0.12777349539101124
3382,0.2663385897874832
3384,0.5120853185653687
3387,0.34007322788238525
3391,0.2172548443078995
3392,0.4707427382469177
3393,0.44765816926956176
3394,0.6158038973808289
3398,0.20391716957092285
3400,0.12480688728392124
3402,0.34399369955062864
3403,0.5589582681655884
3404,0.2123934268951416
3405,0.5162433087825775
3408,0.1197780691087246
3409,0.12658605314791202
3412,0.33760055899620056
3415,0.2524477928876877
3416,0.15622991621494292
3418,0.3818021535873413
3419,0.47889607548713686
3420,0.2636239051818848
3421,0.1132224066182971
3422,0.6405994772911072
3423,0.1722790189087391
3424,0.6997077584266662
3426,0.1930093288421631
3427,0.23081040680408477
3428,0.6886742591857911
3429,0.2901365369558334
3430,0.49873718023300173
3432,0.5101080894470215
3434,0.5251090466976166
3436,0.11295107714831829
3437,0.6277032613754272
3442,0.16471306532621383
3443,0.13055473193526268
3444,0.5368749499320984
3445,0.22310451567173004
3447,0.11516129840165376
3448,0.23529620766639708
3449,0.6429518938064576
3451,0.2826229751110077
3454,0.14149089828133582
3455,0.14756343550980092
3457,0.5377170383930207
3459,0.18399427980184554
3460,0.5739697217941284
3461,0.27741560637950896
3462,0.4320498049259186
3463,0.1541256569325924
3464,0.4822132647037506
3467,0.13107470348477362
3468,0.2450627863407135
3469,0.32100256681442263
3470,0.21806210279464722
3472,0.42142392992973327
3474,0.3009628921747208
3475,0.11116608474403619
3479,0.22283144295215607
3483,0.630362594127655
3486,0.1507762111723423
3490,0.12217227965593339
3491,0.20854068249464036
3492,0.17202537655830383
3493,0.2288128525018692
3497,0.1306246254593134
3500,0.47944445013999937
3505,0.26592630743980405
3506,0.12725656479597092
3507,0.11436279192566871
3508,0.3936512291431427
3509,0.16343218684196473
3513,0.464137589931488
3514,0.12258249893784523
3515,0.2109399527311325
3517,0.3073566108942032
3519,0.15348325967788695
3520,0.29333377778530123
3522,0.12866418957710266
3524,0.6185822248458862
3525,0.2187276989221573
3526,0.6842455506324768
3528,0.37219061255455016
3529,0.12195246368646621
3530,0.1886981025338173
3532,0.1344457782804966
3533,0.23047718405723572
3535,0.5987989068031311
3536,0.13186112344264983
3537,0.19355586171150208
3538,0.5635768294334411
3539,0.18678246289491654
3540,0.11999308578670025
3541,0.15207614451646806
3542,0.4729397714138031
3543,0.20014789402484895
3547,0.21961216926574706
3549,0.23968187868595123
3551,0.18637201189994812
3553,0.26167807877063753
3555,0.7398213267326355
3558,0.4885458707809448
3561,0.2092805787920952
3562,0.6269165277481079
3563,0.4239385724067688
3569,0.5843326628208161
3571,0.12745418176054954
3573,0.4898015558719635
3574,0.29150208830833435
3577,0.4875006198883057
3579,0.4565006077289581
3582,0.3276188552379608
3583,0.4261748671531677
3585,0.6138899803161622
3587,0.11368188373744488
3590,0.43122761249542235
3591,0.18072056621313096
3595,0.7344429731369019
3598,0.34382946491241456
3599,0.3433879017829895
3600,0.23994979858398438
3605,0.4887306451797485
3606,0.40546717047691344
3607,0.20631894916296006
3608,0.1594805046916008
3612,0.12381417341530324
3615,0.25146041214466097
3621,0.1381562776863575
3622,0.12497281283140182
3623,0.13970277532935144
3624,0.5678414463996887
3625,0.4538118541240692
3626,0.4350164353847504
3627,0.713218629360199
3628,0.19483209252357483
3630,0.3490734100341797
3631,0.1307853229343891
3633,0.14219891279935837
3635,0.2067064344882965
3636,0.6958522200584412
3638,0.13016306087374688
3640,0.14680478498339652
3641,0.23470559120178222
3643,0.13867663964629173
3645,0.4857701361179352
3649,0.1174775592982769
3650,0.497005432844162
3651,0.7215614318847656
3654,0.5669560313224793
3657,0.27092772126197817
3658,0.2579759627580643
3661,0.4413280665874481
3665,0.5562352001667022
3667,0.4376706421375275
3672,0.4874595642089844
3675,0.28258600234985354
3678,0.23119423687458038
3682,0.6563028573989869
3684,0.4299579977989197
3685,0.17391490340232849
3686,0.24904916286468506
3688,0.4270481050014496
3689,0.2959033966064453
3690,0.12551813945174217
3691,0.42540589570999143
3692,0.5803331077098847
3694,0.4125587701797485
3698,0.5441412150859832
3701,0.16434794142842293
3704,0.18144752755761145
3705,0.3086937993764877
3706,0.28880133628845217
3707,0.15234328880906106
3708,0.4491698622703552
3709,0.2889150261878967
3712,0.46339031457901003
3714,0.12669047452509402
3715,0.5055957853794097
3716,0.15205948948860168
3717,0.4036733865737915
3718,0.26677877008914946
3719,0.1194012638181448
3721,0.5029917478561401
3723,0.42340981364250185
3727,0.1299206107854843
3730,0.21268419772386551
3731,0.4631262540817261
3733,0.712444257736206
3738,0.42311747670173644
3741,0.16734587922692298
3745,0.19780303388834
3747,0.5471274256706238
3748,0.23050881326198577
3752,0.5863783895969391
3753,0.13608563393354417
3755,0.1796576127409935
3757,0.11974892914295196
3758,0.3336240917444229
3759,0.2097451239824295
3760,0.2621500909328461
3761,0.21596616953611375
3762,0.39880924224853515
3764,0.4018028318881989
3766,0.4147306144237518
3768,0.16917766779661178
3769,0.3874929964542389
3771,0.7307656645774842
3772,0.19841522872447967
3773,0.5122395813465118
3775,0.33839223980903627
3776,0.14913500845432281
3777,0.47540884613990786
3783,0.11940549574792385
3784,0.40445021986961366
3785,0.14687481969594957
3787,0.2691612094640732
3797,0.38164552450180056
3799,0.17901514321565629
3800,0.19098406583070754
3801,0.11755547113716602
3802,0.40135160088539124
3803,0.13442544490098954
3804,0.14218661412596703
3805,0.12104456275701522
3807,0.11216056626290083
3808,0.12174581624567508
3809,0.5278709650039672
3810,0.13236358612775803
3816,0.618671989440918
3818,0.41192626953125
3819,0.12705330438911916
3821,0.2238348662853241
3823,0.17533519268035888
3824,0.12087154388427734
3825,0.6851923704147339
3826,0.47162228226661684
3827,0.6986727595329285
3829,0.11420253347605466
3830,0.44652666449546813
3831,0.602182674407959
3836,0.14588334038853645
3837,0.45375279784202577
3838,0.33547292947769164
3839,0.13103895336389543
3843,0.2937452644109726
3844,0.20919961333274842
3848,0.15517347753047944
3849,0.7144241452217102
3850,0.2181415945291519
3854,0.3460118293762207
3856,0.5994091987609863
3857,0.15736157745122908
3860,0.5797090172767639
3861,0.12746174558997153
3863,0.6511605024337769
3865,0.2083077386021614
3867,0.15002304762601854
3868,0.35014737844467164
3871,0.735216760635376
3872,0.667100989818573
3875,0.5422689020633698
3876,0.1942690685391426
3879,0.12123861648142338
3880,0.14786174967885019
3881,0.1268953438848257
3885,0.6204880237579345
3895,0.5790366649627685
3896,0.3984417378902435
3898,0.49853352308273313
3901,0.42578208446502686
3902,0.3460118293762207
3905,0.711877167224884
3907,0.5397789418697357
3909,0.12251501120626926
3911,0.30288211107254026
3912,0.1357341356575489
3916,0.13617559224367143
3919,0.15305933505296707
3921,0.7272600173950196
3925,0.11350301001220942
3930,0.6758501648902893
3931,0.21882585287094117
3932,0.18656687587499618
3934,0.15539725348353386
3935,0.12480688728392124
3938,0.5481668651103974
3939,0.18131770119071006
3940,0.11338917687535285
3942,0.48157657980918883
3944,0.18714048862457275
3945,0.6097991466522217
3946,0.4324890851974487
3948,0.4213885128498077
3950,0.12931362837553023
3951,0.11555371582508087
3952,0.3730631470680237
3955,0.22537086755037308
3956,0.3973810076713562
3957,0.20978730469942092
3959,0.23783950209617616
3960,0.3192581504583359
3962,0.11212835218757392
3965,0.3363301992416382
3966,0.11629759632050991
3970,0.16330987066030503
3972,0.59160475730896
3975,0.2867379069328308
3977,0.18427296429872514
3978,0.14424650967121125
3979,0.5370229184627533
3981,0.11497442368417979
3982,0.45552478432655336
3983,0.459131920337677
3988,0.6890389084815979
3990,0.21373888701200486
3993,0.4121829569339752
3995,0.11381444316357374
3998,0.12372593395411968
4001,0.20511725395917893
4003,0.3101315587759018
4005,0.4680844843387604
4006,0.7111370325088501
4007,0.401470822095871
4008,0.16367063522338868
4009,0.12208983078598976
4010,0.4948709964752197
4013,0.11124683301895857
4014,0.12694063857197763
4015,0.1571463391184807
4016,0.5188193917274475
4017,0.6251490712165833
4018,0.4956344306468964
4019,0.6606491327285766
4020,0.14724416062235832
4022,0.41753315925598145
4024,0.2108609691262245
4025,0.18300742655992508
4027,0.22729495465755462
4029,0.178096903860569
4030,0.22578120827674866
4031,0.25777326226234437
4034,0.14278018847107887
4035,0.11218023933470249
4038,0.31128786206245423
4040,0.3455362021923065
4042,0.5811588108539582
4044,0.13419149369001387
4045,0.25942240953445433
4046,0.24985279142856598
4048,0.21548070013523102
4050,0.4927787721157074
4053,0.5801808834075928
4054,0.5944014012813568
4055,0.37146264910697935
4056,0.6786975622177124
4057,0.2277626484632492
4058,0.4967152178287506
4062,0.657428777217865
4065,0.3179397702217102
4066,0.14419397786259652
4067,0.12679205127060414
4068,0.11159739308059216
4069,0.6463420271873475
4071,0.11719415672123432
4072,0.22711190283298494
4074,0.18649020344018935
4075,0.48059242963790894
4076,0.5325303375720978
4077,0.16196551769971848
4078,0.614438271522522
4080,0.5372402012348175
4082,0.11085629928857088
4084,0.11131140198558569
4085,0.2672775089740753
4086,0.13412974551320075
4089,0.33264973759651184
4090,0.5911192953586578
4094,0.27780193984508517
4095,0.3534113347530365
4097,0.15240315832197665
4098,0.20935359448194504
4100,0.5659217178821564
4101,0.22582400143146514
4103,0.11655598245561123
4106,0.11151124350726604
4109,0.1273996476083994
4110,0.33671450018882754
4112,0.5159713804721833
4113,0.43944000005722045
4114,0.37061038613319397
4115,0.1545200914144516
4121,0.3484132945537567
4123,0.12589901275932788
4125,0.6058555006980896
4126,0.1416533224284649
4127,0.3583768367767334
4128,0.16302695125341415
4130,0.3755544304847717
4133,0.12588878870010375
4134,0.3770785748958588
4136,0.18346934840083123
4139,0.6830662965774537
4140,0.13810933604836464
4141,0.13440877608954907
4142,0.4434086620807648
4143,0.13023118749260904
4147,0.154095046967268
4151,0.16982123032212257
4154,0.35715078711509707
4155,0.131244757771492
4158,0.43216703534126283
4159,0.446053022146225
4161,0.263330352306366
4165,0.34798144102096557
4169,0.16331229954957963
4170,0.39661429524421693
4171,0.3327113509178162
4173,0.28513307869434357
4174,0.49520161747932434
4175,0.22630236744880677
4176,0.15458573624491692
4182,0.1639518231153488
4184,0.7110273957252502
4189,0.602913236618042
4193,0.4518807053565979
4194,0.6324744939804077
4195,0.4164854049682617
4198,0.37275875806808473
4199,0.3117954283952713
4200,0.11555850375443696
4201,0.31810231804847716
4203,0.15871978178620338
4204,0.40290756821632384
4208,0.12983388788998126
4209,0.5557398498058319
4210,0.11942043676972389
4211,0.19237289279699327
4215,0.15033279210329056
4217,0.16492684781551362
4218,0.3843208849430084
4220,0.22605969607830048
4223,0.38200315833091736
4224,0.5563191831111908
4225,0.30462957322597506
4229,0.4505831837654114
4230,0.32426884174346926
4231,0.3628608226776123
4233,0.4482359528541565
4236,0.12347739338874816
4237,0.1960921660065651
4238,0.7381909728050232
4241,0.37326688766479493
4244,0.42069888710975645
4245,0.21999230682849885
4246,0.4833473801612854
4248,0.1767788425087929
4249,0.1537541925907135
4251,0.3115792751312256
4254,0.6291799664497375
4256,0.3748980700969696
4258,0.11636450290679931
4259,0.30723545849323275
4260,0.16861767023801805
4263,0.13682195097208022
4264,0.1713174931704998
4266,0.12664308734238147
4268,0.12869022861123086
4273,0.5869581937789917
4275,0.11964820325374603
4276,0.12637568414211273
4277,0.2772384315729141
4278,0.11882120799273252
4280,0.5166378200054169
4283,0.4147996485233307
4285,0.35613833665847777
4288,0.5243337213993072
4289,0.13184614181518556
4291,0.41196742057800295
4301,0.11122567318379879
4302,0.1353815384209156
4303,0.1361127972602844
4311,0.5112599194049835
4315,0.18240636363625526
4317,0.5644208908081054
4318,0.22728810906410218
4321,0.3373023450374603
4322,0.19349934309720992
4327,0.12526762001216413
4329,0.1417109601199627
4332,0.6633798599243164
4335,0.16792054027318953
4336,0.34083105325698854
4337,0.5645518660545349
4338,0.12081971764564514
4339,0.17166515588760375
4341,0.21315052956342698
4342,0.3470759093761444
4343,0.22804247140884398
4347,0.15730439126491547
4348,0.32939731776714326
4350,0.1798887863755226
4353,0.5024463415145874
4354,0.3723307490348816
4357,0.4527709066867828
4358,0.2387832820415497
4360,0.1967570424079895
4365,0.4057872772216797
4374,0.12365087606012821
4376,0.45643364191055297
4377,0.22149019241333007
4379,0.1906062498688698
4384,0.4835492789745331
4385,0.12285914830863476
4387,0.2635322004556656
4388,0.6300388693809509
4389,0.11391716971993446
4392,0.4736926436424255
4394,0.23978716731071473
4397,0.13034760802984238
4399,0.2476094990968704
4400,0.12863947860896588
4401,0.11310006529092789
4402,0.1642770513892174
4405,0.11932866089046001
4407,0.5502794086933136
4408,0.3829259991645813
4409,0.37898415327072144
4411,0.4421448767185211
4412,0.16447850093245506
4414,0.5422701418399811
4417,0.15014082938432693
4418,0.18280656933784484
4419,0.20553549081087114
4421,0.5566318035125732
4422,0.6088454961776734
4424,0.261062479019165
4430,0.4482581436634064
4431,0.11198738673701883
4432,0.12405034825205803
4435,0.5167878866195679
4439,0.1914035975933075
4440,0.38754006028175353
4441,0.5362103283405304
4442,0.13180970437824727
4447,0.19996971040964126
4449,0.6487748265266419
4450,0.3028677701950073
4452,0.29050360023975375
4453,0.7241913199424743
4454,0.11581928916275501
4458,0.2677303344011307
4459,0.4950620949268341
4461,0.14775481522083284
4462,0.12262588106095791
4464,0.12400974407792091
4465,0.15957284793257714
4466,0.3907646656036377
4467,0.1759105935692787
4468,0.6317029476165772
4470,0.16801934391260148
4471,0.13389467000961303
4472,0.3529156267642975
4473,0.12480688728392124
4474,0.11212245756760239
4478,0.122673911601305
4479,0.17745288014411925
4480,0.16679542660713195
4481,0.4074507594108582
4482,0.43663786053657533
4486,0.1182063965126872
4487,0.3513283371925354
4489,0.4610021531581879
4490,0.1997186928987503
4491,0.39021987915039064
4494,0.28510721027851105
4495,0.44211941957473755
4496,0.6297119438648224
4498,0.12807622887194156
4499,0.29368441104888915
4500,0.48566789031028745
4502,0.2156928539276123
4503,0.2749372750520706
4505,0.5627094149589539
4507,0.19208884090185166
4509,0.11328695714473724
4511,0.2064533680677414
4512,0.12252992391586304
4514,0.17282118275761604
4515,0.12598690949380398
4517,0.6584005951881409
4523,0.31179110109806063
4527,0.2047625243663788
4531,0.4380021870136261
4532,0.12709481008350848
4533,0.6411830306053161
4534,0.38106334805488584
4535,0.480671763420105
4536,0.2432689666748047
4537,0.21276353299617767
4541,0.11710155997425317
4542,0.6465369701385498
4544,0.21104861348867415
4546,0.6586073994636535
4548,0.5349394381046295
4549,0.2259158343076706
4550,0.28995639085769653
4551,0.45951883792877196
4553,0.6607604146003723
4555,0.5578592658042908
4556,0.11395141631364822
4557,0.3239608585834503
4558,0.4935021221637726
4560,0.4037386834621429
4561,0.4918044745922089
4562,0.5599988162517547
4563,0.6842455506324768
4564,0.39584521651268006
4565,0.23985544145107268
4567,0.18081936836242676
4569,0.1423189103603363
4570,0.45054558515548704
4574,0.15384437441825866
4575,0.22411639988422394
4576,0.3433879017829895
4577,0.16051628142595292
4578,0.5109144151210785
4586,0.3649310529232025
4587,0.14019570574164392
4588,0.3267856776714325
4589,0.1664265848696232
4590,0.20078815817832946
4591,0.3690637469291687
4592,0.11547328289598227
4593,0.11693388186395168
4594,0.589329969882965
4597,0.2521552860736847
4600,0.23271101713180542
4604,0.12659753523766995
4606,0.138870033249259
4608,0.1722644031047821
4610,0.2594551622867584
4612,0.1476289786398411
4613,0.12005487009882927
4614,0.48315088748931884
4616,0.12058270629495382
4619,0.2695410460233688
4620,0.3277615487575531
4621,0.23266044408082961
4622,0.12648859955370426
4626,0.3851510465145111
4627,0.19159021228551865
4630,0.11249875761568547
4631,0.5889849305152893
4634,0.4424848794937134
4635,0.5492778122425079
4636,0.6659328222274781
4637,0.3634394288063049
4640,0.3453217387199402
4641,0.5376441955566407
4642,0.43100624680519106
4643,0.1252493429929018
4644,0.7351503133773803
4645,0.516570121049881
4646,0.5330352902412414
4648,0.43085983395576477
4650,0.11250079479068517
4651,0.35738142132759093
4654,0.38029918670654295
4655,0.11519893445074558
4656,0.5435795724391937
4660,0.40026984810829164
4663,0.5421858549118042
4664,0.3460118293762207
4665,0.1284119963645935
4667,0.48155303597450255
4669,0.2470783770084381
4670,0.21748509258031845
4671,0.40208243727684023
4672,0.465168958902359
4673,0.11178040988743305
4674,0.2210586816072464
4675,0.2096896693110466
4678,0.34674338698387147
4679,0.45776926875114443
4680,0.11145135024562478
4681,0.11390937622636557
4682,0.12521252259612084
4683,0.12129498235881328
4684,0.12646364271640778
4685,0.7413786768913269
4687,0.39113607406616213
4690,0.16083926111459732
4692,0.13140998631715775
4694,0.4679629564285278
4695,0.15107540115714074
4698,0.24305772185325622
4699,0.1786569893360138
4701,0.4604874014854431
4707,0.48767364025115967
4708,0.1807440809905529
4710,0.16027469485998153
4712,0.1406411748379469
4713,0.3886006236076355
4715,0.11488317139446735
4717,0.25046893358230593
4719,0.5764931440353394
4720,0.14029621407389642
4722,0.38008913993835447
4727,0.1841031014919281
4732,0.3248628735542297
4733,0.11226829187944531
4737,0.1274591453373432
4738,0.6688308477401733
4740,0.6740669012069702
4741,0.5660527586936951
4744,0.32190183401107786
4745,0.5308543741703033
4753,0.2653103917837143
4755,0.18203242421150206
4756,0.4527328133583069
4759,0.17765560299158095
4760,0.2237333208322525
4761,0.12593166530132294
4765,0.124071354418993
4770,0.2096724569797516
4774,0.1788482651114464
4777,0.574396550655365
4783,0.542374986410141
4784,0.2418573021888733
4785,0.2239422619342804
4788,0.3279811590909958
4789,0.23376181125640869
4792,0.45300108194351196
4793,0.11381656359881162
4795,0.12679714672267436
4798,0.167835258692503
4800,0.4947798252105713
4801,0.5470337688922882
4802,0.20586670339107513
4804,0.40277764201164246
4805,0.4469372987747192
4806,0.5506723523139954
4808,0.12584553174674512
4809,0.3549225449562073
4812,0.24292318224906922
4813,0.28519533574581146
4814,0.12582372613251208
4815,0.12657675854861736
4819,0.5009240567684173
4820,0.264925217628479
4821,0.33760055899620056
4824,0.14239493608474732
4825,0.4630033433437347
4828,0.12251691147685051
4829,0.15620253905653952
4831,0.12496777772903442
4832,0.11067172847688198
4833,0.418899804353714
4834,0.16846223771572114
4835,0.19287473261356353
4836,0.12317208424210549
4838,0.6287855744361878
4840,0.25625046491622927
4841,0.5707205355167388
4842,0.1120731963776052
4846,0.6713048934936523
4847,0.127413110435009
4848,0.12649987637996674
4851,0.19411390125751496
4852,0.12618387266993522
4855,0.4764453887939453
4856,0.27100628018379214
4857,0.4227117121219635
4858,0.114431875012815
4864,0.5277025759220123
4865,0.1702821247279644
4866,0.14074207544326783
4867,0.2056046724319458
4869,0.12750564739108086
4870,0.13588987663388252
4871,0.6528669834136963
4873,0.19507069438695906
4875,0.49184185862541197
4876,0.522403210401535
4878,0.11375194862484932
4879,0.5454592049121857
4882,0.5605124831199646
4884,0.37398298978805544
4888,0.15396759212017058
4889,0.6605416059494018
4890,0.5102700293064117
4891,0.21450019031763076
4892,0.29000013172626493
4895,0.12340375371277332
4899,0.2059110403060913
4901,0.11808845568448305
4902,0.24545561671257018
4906,0.12201335392892361
4907,0.18210059255361558
4908,0.1372817810624838
4911,0.457696396112442
4917,0.3450937032699585
4918,0.15277553349733353
4919,0.11373511087149382
4923,0.39967294335365294
4924,0.20071403533220292
4927,0.5410931527614593
4929,0.3815906345844269
4930,0.13819001279771329
4931,0.14503322392702103
4933,0.12987597472965717
4937,0.6732647895812989
4940,0.22768453061580657
4943,0.11216056626290083
4946,0.4573487401008606
4948,0.6585635900497436
4949,0.2338447242975235
4951,0.5927265644073486
4953,0.20697942227125168
4955,0.154405477643013
4956,0.4564672887325287
4957,0.2999232321977615
4959,0.18103479892015456
4965,0.420271760225296
4966,0.3785410404205322
4967,0.5279524385929107
4968,0.5559413731098175
4970,0.14280690178275107
4973,0.20199715495109558
4975,0.33167008459568026
4982,0.1236908670514822
4984,0.4805631279945374
4986,0.13751514852046967
4989,0.1992374137043953
4990,0.35230652391910555
4995,0.27574633061885834
4997,0.29177973568439486
4998,0.4929278314113617
4999,0.5569345593452454
5000,0.5179989993572235
5003,0.6420089960098266
5006,0.13854363858699797
5007,0.11119269747287035
5008,0.5411917507648468
5012,0.43035862445831297
5018,0.11322997100651264
5019,0.121784533187747
5021,0.48089824318885804
5022,0.20608504116535187
5024,0.6236851632595062
5025,0.21175560504198074
5027,0.11653404757380485
5028,0.4385628759860992
5032,0.17367130815982817
5033,0.3094513177871704
5034,0.15907954126596452
5038,0.4350476324558258
5039,0.33830071687698365
5041,0.22822719365358352
5043,0.11970250885933638
5044,0.20326804369688034
5046,0.6523741006851196
5047,0.5553352773189545
5048,0.42670066356658937
5049,0.46036950349807737
5053,0.11631308943033218
5054,0.7334094166755676
5056,0.6429078578948975
5057,0.21377560198307038
5059,0.34745003581047057
5061,0.33807823061943054
5062,0.3199881941080093
5063,0.1686004228889942
5064,0.460636305809021
5067,0.45772927403450014
5068,0.1610496796667576
5070,0.31131474375724794
5072,0.11122864373028278
5073,0.4049841225147247
5076,0.15728889033198357
5077,0.12906771302223205
5079,0.11457068324089051
5083,0.3542263925075531
5084,0.22015276402235032
5087,0.11176142282783985
5092,0.2688575446605682
5093,0.11788988430052996
5094,0.46413503885269164
5096,0.12557175680994986
5098,0.2438277155160904
5100,0.38611275553703306
5102,0.12969292774796487
5106,0.28648648262023924
5109,0.1870605990290642
5110,0.1534833289682865
5116,0.20359733700752258
5125,0.5423533320426941
5131,0.5882045865058899
5133,0.3678141415119171
5134,0.1718312159180641
5136,0.5406220972537994
5137,0.6544623732566833
5138,0.14305870682001115
5140,0.3993630647659302
5143,0.42884653210639956
5148,0.26947578191757204
5150,0.18491990119218826
5152,0.31739242374897003
5154,0.14148249924182893
5157,0.6093950271606445
5158,0.24380700886249543
5159,0.5259638011455536
5160,0.32571613788604736
5161,0.1502461090683937
5162,0.2800397962331772
5164,0.4090126156806946
5166,0.1671174608170986
5167,0.21802514493465425
5169,0.5997792720794678
5170,0.2690670132637024
5171,0.6751794695854187
5172,0.5422152578830719
5175,0.4646568179130554
5176,0.2901229441165924
5179,0.46588900685310364
5180,0.17406071722507477
5182,0.1249898500740528
5184,0.12585492357611655
5185,0.31776700019836424
5186,0.12854419276118279
5189,0.44897042512893676
5192,0.19387122243642807
5193,0.1613050289452076
5194,0.1438983626663685
5198,0.6516188383102417
5200,0.6997894763946533
5202,0.1514250211417675
5207,0.28256007134914396
5209,0.11526424922049046
5212,0.19990861117839814
5213,0.14019250608980655
5215,0.11828494668006898
5217,0.13004063293337823
5218,0.3889388144016266
5220,0.19621064960956575
5221,0.19791047871112824
5222,0.2580903708934784
5223,0.48059805035591124
5224,0.11517157312482595
5225,0.6244224667549133
5226,0.33758211731910703
5227,0.1890454739332199
5229,0.5461575031280518
5230,0.35502094626426695
5231,0.4834186494350433
5233,0.5433133542537689
5234,0.5227198660373688
5235,0.3636555314064026
5237,0.3390678435564041
5238,0.18423961326479912
5240,0.7387859106063843
5241,0.22085643261671067
5243,0.14567816257476807
5244,0.5152489244937897
5245,0.12190386094152927
5246,0.5435988664627075
5248,0.1657022163271904
5249,0.11463744416832924
5251,0.22141565680503844
5252,0.11488373596221209
5253,0.4888293445110321
5255,0.2815005213022232
5256,0.1526473879814148
5260,0.6761722803115845
5263,0.23643314242362976
5267,0.12333361692726612
5270,0.3470759093761444
5271,0.34380850195884705
5275,0.12640405893325807
5276,0.2056327223777771
5277,0.5019733846187592
5278,0.27104262411594393
5279,0.5058883726596832
5284,0.13394179940223694
5285,0.1429624989628792
5286,0.6297226965427398
5290,0.5590164840221405
5293,0.11142955152317882
5294,0.46166578531265257
5296,0.27821224629879
5297,0.18154702857136726
5301,0.14922717064619065
5304,0.3596244215965271
5306,0.12176126167178154
5307,0.3348727524280548
5308,0.2073764681816101
5309,0.14447236880660058
5310,0.18583519756793976
5313,0.5789580047130585
5314,0.5678196668624877
5315,0.20194276422262192
5316,0.1733788102865219
5318,0.2192978173494339
5319,0.3406678676605225
5320,0.14255625680088996
5321,0.28909739255905154
5322,0.2899841398000717
5324,0.3046345114707947
5325,0.2173362761735916
5326,0.2104586899280548
5327,0.6608475923538208
5328,0.4161208808422089
5331,0.6167761743068695
5332,0.21508660912513733
5334,0.27337912917137147
5335,0.48655310869216917
5339,0.23739163279533387
5340,0.19642568677663802
5341,0.1733517050743103
5346,0.6775749325752258
5347,0.5084285914897919
5349,0.11629479546099901
5350,0.587729424238205
5352,0.31323558986186983
5357,0.5645148098468781
5360,0.4127738833427429
5362,0.14197682812809945
5363,0.24416239261627198
5364,0.17498621791601182
5368,0.13204598799347878
5373,0.11213701851665973
5374,0.24494119882583618
5375,0.36964215636253356
5378,0.3469997048377991
5380,0.24250763654708862
5381,0.11423295624554157
5383,0.25236735939979554
5385,0.14276109486818314
5388,0.7359387397766113
5393,0.1837525933980942
5395,0.3866270065307617
5396,0.13727670386433602
5398,0.47092248797416686
5399,0.49627637267112734
5403,0.23228003233671188
5404,0.44446908831596377
5405,0.14575852528214456
5410,0.19520548731088638
5411,0.20547965168952942
5412,0.4545895099639893
5413,0.38562946319580077
5416,0.22302836775779725
5421,0.18920681476593018
5422,0.3557498216629028
5424,0.1814293846487999
5425,0.140178319811821
5428,0.1322707712650299
5430,0.5026277482509613
5433,0.5408458650112152
5436,0.33830071687698365
5437,0.25690368711948397
5439,0.4711011528968811
5442,0.35442265272140505
5443,0.12378130331635476
5444,0.11662032976746559
5448,0.16808851957321166
5449,0.16102258265018463
5452,0.510247802734375
5453,0.28867252767086027
5454,0.7331977009773254
5455,0.3411428213119507
5460,0.49542330503463744
5462,0.11242225356400012
5464,0.49005782008171084
5465,0.11276313792914153
5466,0.13406005091965198
5468,0.5817022919654846
5469,0.17560860365629197
5471,0.24470292031764984
5472,0.4870144784450531
5473,0.177540884912014
5475,0.5251548647880554
5476,0.1284487098455429
5478,0.126634431630373
5479,0.22514786422252656
5480,0.6778802275657654
5486,0.38994947671890257
5487,0.41197407245635986
5490,0.6436674654483795
5491,0.2851849108934402
5494,0.40959938168525695
5498,0.22251780927181244
5500,0.40671089887619016
5506,0.15159720703959464
5507,0.11499716453254223
5508,0.11497423928231001
5509,0.48766849040985105
5512,0.17609411478042603
5514,0.24264234602451323
5515,0.36541343927383424
5516,0.24451803863048555
5517,0.15052055716514587
5518,0.4538781404495239
5519,0.1292082030326128
5520,0.15499280393123627
5521,0.11655598245561123
5522,0.11476131845265627
5523,0.5611774444580078
5524,0.13768667802214624
5525,0.526925939321518
5527,0.3777662217617035
5529,0.11873897314071655
5530,0.5163282871246337
5531,0.13537094220519066
5532,0.5690913677215577
5534,0.41138293147087096
5536,0.352020663022995
5537,0.3321651339530945
5538,0.576906955242157
5543,0.3014366924762726
5545,0.17459191828966142
5548,0.23662641644477844
5552,0.17001474648714066
5557,0.2570051342248917
5561,0.12675988860428333
5562,0.16396434158086776
5566,0.1407919742166996
5569,0.4151734411716461
5570,0.15197985768318176
5571,0.4714829087257385
5575,0.25244892537593844
5579,0.4496211767196655
5580,0.5512235045433045
5581,0.7251031160354614
5584,0.20165023803710938
5585,0.4357798993587494
5586,0.13736604452133178
5588,0.23394087255001067
5589,0.37660682797431944
5591,0.24686723649501802
5593,0.6559016108512878
5594,0.46506250500679014
5596,0.11459688227623702
5598,0.5426347434520722
5599,0.5492537558078766
5600,0.12329630814492702
5602,0.4756133139133453
5603,0.1255702055990696
5605,0.19978460818529128
5606,0.3460118293762207
5610,0.49021761417388915
5614,0.4342110514640808
5616,0.4244032561779022
5617,0.13813820630311965
5619,0.39947597980499266
5621,0.2709744840860367
5624,0.12409556768834591
5625,0.12409759648144245
5626,0.12387976981699467
5628,0.13480183631181716
5629,0.22144641280174254
5631,0.13701053485274314
5632,0.11645677462220191
5634,0.35596758127212524
5638,0.7288983821868896
5639,0.12473329305648803
5643,0.38046942949295043
5646,0.22977539300918579
5648,0.11304802503436803
5649,0.6142080426216125
5653,0.5631471633911133
5655,0.11202882640063763
5656,0.5236449480056763
5661,0.3570273041725159
5662,0.3497134804725647
5663,0.20391716957092285
5669,0.5830528855323791
5670,0.47810415625572206
5672,0.12764450199902058
5674,0.18439590111374854
5675,0.13438362926244735
5678,0.11459661610424518
5679,0.12481885999441147
5681,0.1650131955742836
5682,0.11473653130233288
5683,0.4349269807338715
5684,0.5234710872173309
5687,0.21401518136262893
5689,0.1483760207891464
5690,0.18069363310933112
5691,0.6603369235992431
5692,0.12102184519171715
5694,0.49481605291366576
5696,0.11388313155621291
5699,0.5433081209659576
5700,0.5216825902462006
5702,0.17708115875720978
5709,0.43654474020004275
5711,0.4506954729557037
5714,0.15013993605971337
5716,0.22929297983646393
5718,0.190698479115963
5719,0.27932367026805877
5720,0.189623886346817
5722,0.4944076418876648
5725,0.19157718122005463
5726,0.2677090972661972
5727,0.6301680684089661
5728,0.4887710452079773
5729,0.35237917900085447
5732,0.11388240791857243
5733,0.2008532777428627
5734,0.3708790302276611
5735,0.2952304035425186
5739,0.20327536016702652
5740,0.708461320400238
5741,0.1286172941327095
5742,0.12645637914538382
5744,0.6986721634864808
5748,0.2140038713812828
5750,0.1503270946443081
5751,0.4175727903842926
5752,0.5499820530414581
5754,0.1672627553343773
5756,0.4158019721508026
5759,0.12841283194720746
5760,0.2024180218577385
5764,0.576932179927826
5766,0.1641739159822464
5770,0.18030153289437295
5774,0.14318378530442716
5776,0.34614498615264894
5777,0.22567302286624907
5778,0.34631616473197935
5781,0.18453209549188615
5784,0.20440769493579863
5785,0.1148336123675108
5788,0.11731347739696503
5792,0.29513477683067324
5798,0.5000055730342865
5800,0.44579303860664365
5801,0.38115894198417666
5804,0.5234601199626923
5805,0.34798144102096557
5806,0.7043625473976135
5808,0.5318209052085876
5810,0.20602737218141556
5812,0.18937904238700867
5817,0.13046656772494317
5820,0.32634931802749634
5821,0.12913980409502984
5822,0.4260945975780487
5823,0.3406535744667053
5825,0.11968574896454812
5828,0.4420884132385254
5831,0.20565278381109237
5835,0.11328515689820051
5836,0.3460118293762207
5837,0.3223906934261322
5838,0.3406678676605225
5839,0.188752181828022
5842,0.14216659143567084
5844,0.20708962976932527
5846,0.5349851012229919
5850,0.5016416013240814
5851,0.11438283491879701
5856,0.11403224971145391
5859,0.6662704229354859
5862,0.38078991174697874
5863,0.582378888130188
5864,0.14681993201375007
5865,0.1762670874595642
5866,0.1854633629322052
5868,0.23234851956367492
5869,0.160946274548769
5870,0.14771052971482276
5874,0.36287651062011717
5875,0.1747939720749855
5878,0.3326006531715393
5881,0.44531121850013733
5882,0.6903171896934509
5883,0.744121789932251
5886,0.12549063041806222
5889,0.1162689721211791
5892,0.41455563306808474
5893,0.35344595909118653
5899,0.4288625180721283
5901,0.4892388701438904
5903,0.612323260307312
5905,0.2541391223669052
5906,0.24971374571323396
5907,0.1143476402387023
5908,0.18479546308517455
5912,0.6966519474983215
5914,0.19551535844802856
5915,0.6397956728935241
5916,0.44976580142974854
5920,0.1464292287826538
5923,0.1842970982193947
5924,0.1622377961874008
5925,0.6917465925216675
5926,0.7223982691764832
5927,0.4527123212814331
5929,0.1558754786849022
5930,0.12808539867401122
5931,0.6281923770904541
5932,0.4133222162723541
5933,0.3200131177902222
5935,0.11566136796027422
5936,0.13905600011348723
5938,0.2519022047519684
5939,0.6356300473213196
5940,0.14128431007266046
5941,0.20110914558172227
5952,0.39161543250083924
5954,0.368331640958786
5955,0.21425361335277557
5959,0.1193987576290965
5960,0.5450940072536469
5963,0.5561571419239044
5964,0.11469322964549064
5967,0.11685381419956684
5970,0.22312427908182145
5973,0.39165785908699036
5974,0.6650339484214782
5975,0.12818270325660705
5978,0.14561720788478852
5979,0.12681445255875587
5980,0.511742216348648
5982,0.12380296885967254
5984,0.18022480905056
5985,0.1258887842297554
5987,0.26012777388095853
5988,0.47330257296562195
5990,0.13334992229938508
5991,0.29170414209365847
5993,0.12607503309845924
5997,0.11082967128604651
6000,0.223502416908741
6001,0.4118821442127228
6005,0.7097311973571777
6007,0.5543378472328186
6008,0.3460118293762207
6011,0.2751905798912048
6013,0.1755361333489418
6014,0.2168486699461937
6018,0.11284840311855078
6019,0.13099357225000857
6023,0.5912497520446778
6026,0.3636918365955353
6028,0.11207940876483917
6029,0.30033707320690156
6032,0.6751834034919739
6034,0.48994972109794616
6035,0.394832044839859
6036,0.11842393577098846
6038,0.47725931406021116
6039,0.24655959606170655
6043,0.7365082621574401
6045,0.3507703274488449
6049,0.23200567960739135
6050,0.6064366281032563
6053,0.4357798993587494
6054,0.2163682162761688
6057,0.46344380378723143
6060,0.21898092925548554
6062,0.34818424582481383
6063,0.22541162073612214
6064,0.19449166655540467
6066,0.4365572571754456
6073,0.2186533659696579
6074,0.19934150874614714
6076,0.2620804041624069
6080,0.165177121758461
6081,0.11842393577098846
6082,0.13063932582736015
6083,0.3578087568283081
6085,0.17144221812486649
6087,0.1670768141746521
6088,0.1207663219422102
6090,0.4840411901473999
6092,0.14074914157390594
6093,0.5895980954170227
6097,0.6379201769828796
6098,0.11573099568486214
6101,0.5986940622329712
6104,0.14695856496691703
6106,0.28714594542980193
6108,0.1342841148376465
6110,0.11588443033397197
6111,0.18070158138871192
6112,0.5919943213462829
6113,0.2982815444469452
6117,0.37526127099990847
6118,0.1161953542381525
6119,0.24382941126823426
6120,0.15002855136990548
6124,0.6160030841827393
6125,0.2765632539987564
6128,0.34347140192985537
6130,0.3236822932958603
6131,0.32957556545734407
6133,0.48670530319213867
6139,0.3187644511461258
6140,0.6517301321029663
6141,0.2028775244951248
6143,0.5018235623836518
6144,0.5515392065048218
6146,0.5965214014053345
6149,0.11351454295217991
6150,0.3267243683338165
6152,0.13543256223201752
6157,0.299005451798439
6158,0.3837542712688446
6160,0.6217234015464783
6161,0.3030072391033173
6163,0.11296834740787745
6164,0.5897949695587158
6167,0.183183890581131
6168,0.3846146583557129
6169,0.1729931838810444
6170,0.163639697432518
6172,0.1861490122973919
6175,0.20851641297340393
6177,0.15689077898859977
6180,0.4274309754371643
6182,0.4570163547992706
6184,0.5181768000125885
6187,0.20970662981271743
6189,0.7272939562797547
6191,0.6812128782272339
6192,0.12253488600254059
6195,0.22254839390516282
6199,0.11131140198558569
6200,0.5432518422603607
6203,0.1838683232665062
6205,0.19577942341566085
6207,0.3460118293762207
6208,0.31041807532310484
6209,0.4303125560283661
6210,0.30291742384433745
6211,0.44795587062835696
6212,0.2842617094516754
6213,0.41720105409622193
6214,0.38272844552993773
6216,0.1781136766076088
6217,0.11426468826830387
6218,0.14627431631088256
6219,0.20978742092847824
6220,0.41312076449394225
6223,0.16314707994461058
6225,0.6091891229152679
6226,0.5172972202301025
6227,0.22925677001476288
6230,0.118815503641963
6232,0.24493134021759033
6233,0.5169490575790405
6234,0.40620445013046264
6240,0.21104861348867415
6242,0.3240746736526489
6245,0.11684245616197586
6246,0.5245669424533844
6247,0.22438824772834778
6249,0.3704857647418976
6250,0.4778194725513458
6254,0.18145695179700852
6255,0.2025536224246025
6256,0.3899491190910339
6258,0.2603843152523041
6259,0.1461840495467186
6262,0.16202975660562516
6263,0.4737194061279297
6264,0.13098547160625457
6266,0.5101843655109406
6270,0.3371249079704285
6273,0.365340393781662
6274,0.5180016696453095
6277,0.4484313607215881
6283,0.19381941556930543
6285,0.26075538992881775
6286,0.21586227118968965
6288,0.178702924400568
6291,0.31110033988952634
6293,0.39871511459350584
6297,0.2758017271757126
6299,0.4320658564567566
6300,0.11287537757307291
6301,0.4273159444332123
6302,0.15000624507665633
6306,0.35767130851745604
6307,0.331143718957901
6308,0.12511133067309857
6312,0.25627498924732206
6315,0.6727182269096375
6321,0.13186112344264983
6322,0.34091056883335114
6323,0.49800480008125303
6324,0.1758536547422409
6325,0.1371948942542076
6326,0.11334714964032173
6327,0.47223299741744995
6328,0.12683673724532127
6329,0.14387256987392902
6330,0.3284254729747772
6335,0.23792005181312562
6336,0.5201530754566193
6339,0.1815996989607811
6340,0.7398868918418884
6342,0.13836220242083072
6343,0.12689152508974075
6346,0.13137925788760185
6347,0.18695527762174607
6348,0.1465734913945198
6352,0.22577401101589203
6356,0.5459297060966491
6360,0.17337196692824364
6365,0.5093445122241974
6368,0.127445337921381
6370,0.11517157312482595
6371,0.21204439997673036
6372,0.16426370441913604
6374,0.23473301529884338
6377,0.22251780927181244
6380,0.193463097512722
6382,0.12295704297721385
6385,0.15557284355163575
6388,0.6462634682655335
6389,0.15766980201005937
6390,0.168174397200346
6391,0.1384618639945984
6393,0.11533298380672932
6394,0.34798144102096557
6395,0.11374485436826945
6397,0.19072664976119996
6398,0.3652507960796356
6399,0.17254653424024582
6401,0.25950496196746825
6402,0.594381320476532
6405,0.41265797019004824
6406,0.16033608615398406
6407,0.1800997920334339
6408,0.5677043080329895
6410,0.15722546130418777
6412,0.2018607437610626
6414,0.5835362434387207
6415,0.13138348199427127
6416,0.11244058590382337
6418,0.18740449249744415
6420,0.20273538380861283
6421,0.17992836385965347
6422,0.6492740750312805
6424,0.5295230746269226
6425,0.35994682312011717
6426,0.15705062076449394
6427,0.22423454821109773
6430,0.4367001116275787
6432,0.1736709251999855
6433,0.2932946741580963
6435,0.44248953461647034
6437,0.21766869723796844
6438,0.36375141739845274
6439,0.47556514143943784
6440,0.4705736398696899
6442,0.49023511409759524
6443,0.12694063857197763
6446,0.4743307650089264
6447,0.39915693998336793
6449,0.11531026232987643
6450,0.22262745648622512
6452,0.41525635719299314
6453,0.24637698531150817
6456,0.3315175294876099
6457,0.15567893981933595
6458,0.12502638697624208
6459,0.3089802205562592
6460,0.3628608226776123
6461,0.3571513116359711
6462,0.6449625968933106
6464,0.11967787258327008
6467,0.12350306324660779
6470,0.38580480217933655
6471,0.11711861416697503
6472,0.12278459444642068
6478,0.40625876784324644
6479,0.5429553866386414
6480,0.4593561291694641
6481,0.3349227845668793
6483,0.12437521629035472
6484,0.13479114323854446
6487,0.25523407459259034
6489,0.11304215509444475
6490,0.2533694297075272
6491,0.21974557936191558
6495,0.31960949301719666
6496,0.45651479363441466
6498,0.19021810293197633
6499,0.37956683039665223
6501,0.26753091216087344
6504,0.20438933223485947
6505,0.22587478756904603
6506,0.3426704704761505
6507,0.22274029403924941
6509,0.12544518001377583
6510,0.13763471841812133
6511,0.5695678949356079
6512,0.14543260037899017
6513,0.47171189188957213
6518,0.2339695930480957
6522,0.14638542085886003
6529,0.12701592743396758
6531,0.1182324517518282
6532,0.21805685758590698
6534,0.5847874462604523
6535,0.1427650399506092
6536,0.130346317589283
6537,0.11982107795774936
6540,0.5586695373058319
6541,0.22840228378772737
6542,0.15904164016246797
6549,0.34798144102096557
6550,0.11517157312482595
6552,0.4524722695350647
6554,0.35943382382392886
6556,0.1580006845295429
6558,0.31848998069763185
6560,0.41518242955207824
6564,0.2734614461660385
6565,0.11273961197584867
6569,0.11714128442108632
6570,0.2672416627407074
6572,0.16941698044538497
6573,0.7305451512336731
6576,0.1295880138874054
6577,0.1617315836250782
6579,0.5682454943656922
6582,0.7580407857894897
6586,0.39557501673698425
6588,0.6726393818855285
6592,0.11600193604826928
6593,0.21877968460321426
6594,0.31201194524765014
6595,0.6842455506324768
6596,0.4583510756492615
6597,0.4864027380943298
6601,0.27789371013641356
6605,0.12671164013445377
6606,0.5825576186180115
6607,0.2920650541782379
6610,0.15891139060258866
6614,0.12012807670980692
6616,0.5227549195289611
6617,0.42652058601379395
6618,0.5358743846416474
6619,0.2051182672381401
6620,0.680125641822815
6624,0.6099883913993835
6625,0.11305920593440533
6628,0.11160896178334952
6629,0.6460159897804261
6630,0.13496035784482957
6633,0.4896534144878387
6634,0.17260957658290862
6636,0.5668617725372315
6637,0.17927832007408143
6641,0.11549073942005635
6642,0.5107325553894043
6644,0.5078015327453613
6647,0.13051160462200642
6648,0.24969203174114227
6649,0.590335875749588
6651,0.24570420682430266
6652,0.6604227066040039
6654,0.5998128712177276
6656,0.13687707111239433
6657,0.5285540878772735
6658,0.18830382972955703
6659,0.4414971828460693
6660,0.12478086724877357
6664,0.20321089327335357
6666,0.1564161479473114
6667,0.5250363826751709
6668,0.1218840379267931
6669,0.12176946923136711
6671,0.14637041240930557
6674,0.6544908285140991
6677,0.14288919009268283
6678,0.17066184431314468
6679,0.12440808489918709
6680,0.1913763090968132
6681,0.1678258426487446
6684,0.11327682081609965
6685,0.12271784618496895
6686,0.1156472809612751
6688,0.11587465647608042
6690,0.7076038956642151
6693,0.275831800699234
6694,0.21377560198307038
6698,0.12377465143799782
6700,0.30225754976272584
6702,0.468122273683548
6704,0.5096039474010468
6705,0.23205799460411072
6708,0.1799755796790123
6709,0.37275875806808473
6710,0.6166771531105042
6711,0.15140762478113173
6714,0.11068895943462849
6715,0.40103519558906553
6716,0.504891961812973
6722,0.4656560242176056
6725,0.5799814820289612
6726,0.6830815315246582
6727,0.1215185958892107
6728,0.3980035722255707
6729,0.12834678515791892
6730,0.5375305831432342
6732,0.20599977672100067
6738,0.11390937622636557
6740,0.14248092249035835
6744,0.25709719955921173
6745,0.22216685712337494
6746,0.12108669318258762
6748,0.17197901606559754
6749,0.19486571997404098
6750,0.2017773687839508
6751,0.1984344854950905
6752,0.1199936669319868
6757,0.12321423701941966
6758,0.4621231436729431
6761,0.14019864946603774
6762,0.1306872222572565
6763,0.5997034132480621
6764,0.34091427326202395
6765,0.25661293864250184
6766,0.38207210302352906
6768,0.5220512270927429
6769,0.4798218607902527
6770,0.25170578956604006
6771,0.19250099509954452
6772,0.11621072813868523
6773,0.4876058459281921
6774,0.20443365573883057
6775,0.19330087006092073
6776,0.37720208764076235
6777,0.367230212688446
6778,0.11542035564780236
6779,0.11822310406714678
6782,0.1552234873175621
6787,0.6464726328849792
6788,0.12076875790953637
6791,0.1383340872824192
6792,0.3110001444816589
6793,0.36997665762901305
6794,0.15291649475693703
6795,0.11327181812375783
6796,0.6248790740966796
6797,0.2016734778881073
6798,0.21426004469394683
6799,0.11550067979842424
6801,0.290690553188324
6802,0.44993990659713745
6804,0.29911148250103
6805,0.2949885606765747
6806,0.3450937032699585
6808,0.557363075017929
6811,0.4516913235187531
6812,0.45681336522102356
6813,0.410046124458313
6814,0.5630208849906921
6818,0.5867730021476746
6819,0.11139973923563957
6820,0.15410860553383826
6821,0.15689440295100213
6822,0.22828567624092103
6823,0.11475661173462867
6825,0.17992836385965347
6826,0.5880232214927673
6827,0.4132858693599701
6828,0.14433632455766202
6829,0.1545570597052574
6832,0.45748671889305115
6833,0.22470898181200027
6834,0.30170068740844724
6838,0.33760055899620056
6843,0.2259100779891014
6845,0.46758740544319155
6846,0.31542001068592074
6848,0.7352045178413391
6849,0.13608964234590532
6852,0.1373658411204815
6853,0.14230214431881905
6854,0.18174654692411424
6855,0.4331161618232727
6856,0.49552142024040224
6858,0.18390298783779144
6860,0.32816368341445923
6868,0.14060525931417941
6869,0.114151855930686
6871,0.190918031334877
6874,0.3470759093761444
6875,0.1738011933863163
6876,0.13281534053385258
6884,0.18307631015777587
6885,0.1743650272488594
6886,0.25541050136089327
6887,0.4616078019142151
6888,0.1725048989057541
6890,0.11521365344524384
6891,0.381017404794693
6892,0.12573422566056253
6893,0.15746961459517478
6897,0.3520670890808105
6898,0.46303913593292234
6899,0.17354376018047332
6900,0.2482837051153183
6905,0.2455773413181305
6906,0.1169558010995388
6907,0.1273367241024971
6909,0.6070931553840637
6916,0.6880473613739013
6920,0.37887015342712405
6922,0.45659024715423585
6923,0.31807679533958433
6924,0.3409729480743408
6925,0.4905250549316406
6927,0.2335413709282875
6928,0.12229383662343025
6929,0.12199935168027878
6930,0.11935220584273339
6934,0.20122628062963485
6935,0.20086408853530885
6937,0.6485811471939087
6939,0.6451957821846008
6943,0.41578022241592405
6944,0.36566335558891294
6946,0.7175926089286804
6952,0.22798155695199968
6953,0.40700550079345704
6959,0.13983912169933319
6962,0.6642496824264527
6965,0.14059867039322854
6966,0.7538982510566712
6968,0.5949012160301208
6970,0.38841448426246644
6971,0.41471917033195493
6972,0.15399310290813445
6974,0.27595420777797697
6976,0.21906839013099672
6977,0.635902738571167
6978,0.6585090041160584
6980,0.11135887764394284
6983,0.41973193287849425
6987,0.1164821945130825
6990,0.1972401574254036
6992,0.22433626353740693
6993,0.2527246028184891
6994,0.6931474447250366
6995,0.14810774363577367
6996,0.5108991146087647
6998,0.3094077467918396
6999,0.5555329978466034
7000,0.24830518960952758
7001,0.2086267054080963
7002,0.13108936399221421
7006,0.11871149241924286
7008,0.40132814049720766
7009,0.404319828748703
7011,0.11489880755543709
7012,0.647443437576294
7013,0.24954236149787903
7014,0.5082723677158356
7016,0.11427689492702484
7018,0.26571873128414153
7020,0.11531158499419689
7021,0.36533557176589965
7022,0.5448015332221985
7025,0.13108070194721222
7026,0.3557794213294983
7027,0.21435421109199523
7028,0.1734583184123039
7032,0.40297235250473024
7033,0.6842455506324768
7034,0.1702054351568222
7035,0.19888502955436707
7036,0.5950462818145752
7040,0.11552041750401258
7042,0.11371622607111931
7043,0.4176667869091034
7045,0.18702439963817596
7050,0.2977333843708038
7051,0.11566277220845222
7052,0.47922911643981936
7054,0.1968908950686455
7057,0.5472329378128051
7058,0.1244326651096344
7060,0.4923825442790985
7061,0.44869241714477537
7063,0.6272615790367126
7064,0.17855372428894042
7065,0.2595189929008484
7067,0.48670530319213867
7068,0.46565665006637574
7070,0.6350199699401855
7072,0.26744820177555084
7073,0.214162015914917
7074,0.30038862228393554
7076,0.12867873795330526
7078,0.12227040119469165
7081,0.37550191283226014
7084,0.28341276943683624
7085,0.15361049622297288
7088,0.30169378221035004
7089,0.18007951527833937
7091,0.6372632622718811
7092,0.21732458472251892
7095,0.12728856913745404
7100,0.12315831184387208
7104,0.4617515802383423
7107,0.11886217929422856
7108,0.6216205835342408
7110,0.731923270225525
7112,0.13189221285283564
7113,0.4593991994857788
7114,0.46007301211357116
7115,0.4767056703567505
7119,0.11655598245561123
7120,0.20765614956617356
7121,0.24244086742401122
7123,0.457037490606308
7127,0.36730254590511324
7128,0.14240927770733833
7129,0.5277905285358429
7131,0.13951187655329705
7132,0.7343176245689392
7134,0.3332678318023682
7137,0.11276609189808369
7139,0.212408085167408
7142,0.17443958669900894
